{
    "accuracy": 0.7477203607559204,
    "loss": 1.8299511671066284
}