{
    "accuracy": 0.550000011920929,
    "loss": 0.6633349061012268
}