{
    "accuracy": 0.6272584199905396,
    "loss": 0.7509520053863525
}