{
    "accuracy": 0.6304006576538086,
    "loss": 0.6759421825408936
}