{
    "accuracy": 0.7877406477928162,
    "loss": 0.6342323422431946
}