{
    "accuracy": 0.5840932130813599,
    "loss": 0.8725060224533081
}