{
    "accuracy": 0.6023302674293518,
    "loss": 0.8483684062957764
}