{
    "accuracy": 0.5117831826210022,
    "loss": 0.694476306438446
}