{
    "accuracy": 0.4399999976158142,
    "loss": 1.3235414028167725
}