{
    "accuracy": 0.5384917259216309,
    "loss": 0.6980612874031067
}