{
    "accuracy": 0.5400000214576721,
    "loss": 0.9713701009750366
}