{
    "accuracy": 0.5299999713897705,
    "loss": 0.9567127227783203
}