{
    "accuracy": 0.6390416622161865,
    "loss": 0.8455954790115356
}