{
    "accuracy": 0.607396125793457,
    "loss": 3.0256354808807373
}