{
    "accuracy": 0.699999988079071,
    "loss": 1.3283789157867432
}