{
    "accuracy": 0.6210739612579346,
    "loss": 0.6471191048622131
}