{
    "accuracy": 0.7036474347114563,
    "loss": 0.795293390750885
}