{
    "accuracy": 0.5734485387802124,
    "loss": 0.6793705224990845
}