{
    "accuracy": 0.7396150231361389,
    "loss": 0.8418675661087036
}